,p_year,manu,total_turbines
0,1982,AAER,0
1,1982,AOC,0
2,1982,AWE,0
3,1982,Acciona,0
4,1982,Aeronautica,0
5,1982,Alstom,0
6,1982,Bergey Energy,0
7,1982,Bonus,0
8,1982,Bora,0
9,1982,Changzhou Railcar Propulsion Engineering Research and Development Center,0
10,1982,China Creative Wind Energy,0
11,1982,Clipper,0
12,1982,DWT,0
13,1982,Danwin,0
14,1982,DeWind,0
15,1982,EWT,0
16,1982,Elecon,0
17,1982,Endurance,0
18,1982,Enron,0
19,1982,Entegrity,0
20,1982,Fuhrlander,0
21,1982,GE Wind,0
22,1982,Gamesa,0
23,1982,Goldwind,0
24,1982,Guodian,0
25,1982,HZ Windpower,0
26,1982,Hyundai,0
27,1982,Kenersys,0
28,1982,Leitner Ag,0
29,1982,Leitner Poma,0
30,1982,Lolland,2
31,1982,Micon,1
32,1982,Mitsubishi,0
33,1982,NEG Micon,0
34,1982,NedWind,0
35,1982,Nordex,0
36,1982,Nordic,0
37,1982,Nordtank,0
38,1982,Northern Power Systems,0
39,1982,Norwin,0
40,1982,PowerWind,0
41,1982,REpower,0
42,1982,RRB,0
43,1982,Renewtech LLC,0
44,1982,SIVA Windturbine India Pvt Ltd,0
45,1982,Samsung,0
46,1982,Sany,0
47,1982,Seaforth,0
48,1982,Siemens,0
49,1982,Siemens Gamesa Renewable Energy,0
50,1982,Silver Eagle,0
51,1982,Sinovel,0
52,1982,Siva,0
53,1982,Skystream,0
54,1982,Suzlon,0
55,1982,Turbowinds,0
56,1982,Unison,0
57,1982,Vanguard,0
58,1982,Vensys,0
59,1982,Vergnet,0
60,1982,Vestas,1
61,1982,Wincon,0
62,1982,Wind Energy Solutions,0
63,1982,Wind World,0
64,1982,Windmatic,0
65,1982,Zond,0
66,1983,AAER,0
67,1983,AOC,0
68,1983,AWE,0
69,1983,Acciona,0
70,1983,Aeronautica,0
71,1983,Alstom,0
72,1983,Bergey Energy,0
73,1983,Bonus,0
74,1983,Bora,0
75,1983,Changzhou Railcar Propulsion Engineering Research and Development Center,0
76,1983,China Creative Wind Energy,0
77,1983,Clipper,0
78,1983,DWT,0
79,1983,Danwin,0
80,1983,DeWind,0
81,1983,EWT,0
82,1983,Elecon,0
83,1983,Endurance,0
84,1983,Enron,0
85,1983,Entegrity,0
86,1983,Fuhrlander,0
87,1983,GE Wind,0
88,1983,Gamesa,0
89,1983,Goldwind,0
90,1983,Guodian,0
91,1983,HZ Windpower,0
92,1983,Hyundai,0
93,1983,Kenersys,0
94,1983,Leitner Ag,0
95,1983,Leitner Poma,0
96,1983,Lolland,2
97,1983,Micon,1
98,1983,Mitsubishi,0
99,1983,NEG Micon,0
100,1983,NedWind,0
101,1983,Nordex,0
102,1983,Nordic,0
103,1983,Nordtank,0
104,1983,Northern Power Systems,0
105,1983,Norwin,0
106,1983,PowerWind,0
107,1983,REpower,0
108,1983,RRB,0
109,1983,Renewtech LLC,0
110,1983,SIVA Windturbine India Pvt Ltd,0
111,1983,Samsung,0
112,1983,Sany,0
113,1983,Seaforth,0
114,1983,Siemens,0
115,1983,Siemens Gamesa Renewable Energy,0
116,1983,Silver Eagle,0
117,1983,Sinovel,0
118,1983,Siva,0
119,1983,Skystream,0
120,1983,Suzlon,0
121,1983,Turbowinds,0
122,1983,Unison,0
123,1983,Vanguard,0
124,1983,Vensys,0
125,1983,Vergnet,0
126,1983,Vestas,433
127,1983,Wincon,0
128,1983,Wind Energy Solutions,0
129,1983,Wind World,0
130,1983,Windmatic,0
131,1983,Zond,0
132,1984,AAER,0
133,1984,AOC,0
134,1984,AWE,0
135,1984,Acciona,0
136,1984,Aeronautica,0
137,1984,Alstom,0
138,1984,Bergey Energy,0
139,1984,Bonus,20
140,1984,Bora,0
141,1984,Changzhou Railcar Propulsion Engineering Research and Development Center,0
142,1984,China Creative Wind Energy,0
143,1984,Clipper,0
144,1984,DWT,0
145,1984,Danwin,0
146,1984,DeWind,0
147,1984,EWT,0
148,1984,Elecon,0
149,1984,Endurance,0
150,1984,Enron,0
151,1984,Entegrity,0
152,1984,Fuhrlander,0
153,1984,GE Wind,0
154,1984,Gamesa,0
155,1984,Goldwind,0
156,1984,Guodian,0
157,1984,HZ Windpower,0
158,1984,Hyundai,0
159,1984,Kenersys,0
160,1984,Leitner Ag,0
161,1984,Leitner Poma,0
162,1984,Lolland,2
163,1984,Micon,2
164,1984,Mitsubishi,0
165,1984,NEG Micon,0
166,1984,NedWind,0
167,1984,Nordex,0
168,1984,Nordic,0
169,1984,Nordtank,134
170,1984,Northern Power Systems,0
171,1984,Norwin,0
172,1984,PowerWind,0
173,1984,REpower,0
174,1984,RRB,0
175,1984,Renewtech LLC,0
176,1984,SIVA Windturbine India Pvt Ltd,0
177,1984,Samsung,0
178,1984,Sany,0
179,1984,Seaforth,0
180,1984,Siemens,0
181,1984,Siemens Gamesa Renewable Energy,0
182,1984,Silver Eagle,0
183,1984,Sinovel,0
184,1984,Siva,0
185,1984,Skystream,0
186,1984,Suzlon,0
187,1984,Turbowinds,0
188,1984,Unison,0
189,1984,Vanguard,0
190,1984,Vensys,0
191,1984,Vergnet,0
192,1984,Vestas,433
193,1984,Wincon,0
194,1984,Wind Energy Solutions,0
195,1984,Wind World,0
196,1984,Windmatic,0
197,1984,Zond,0
198,1985,AAER,0
199,1985,AOC,0
200,1985,AWE,0
201,1985,Acciona,0
202,1985,Aeronautica,0
203,1985,Alstom,0
204,1985,Bergey Energy,0
205,1985,Bonus,152
206,1985,Bora,0
207,1985,Changzhou Railcar Propulsion Engineering Research and Development Center,0
208,1985,China Creative Wind Energy,0
209,1985,Clipper,0
210,1985,DWT,0
211,1985,Danwin,0
212,1985,DeWind,0
213,1985,EWT,0
214,1985,Elecon,0
215,1985,Endurance,0
216,1985,Enron,0
217,1985,Entegrity,0
218,1985,Fuhrlander,0
219,1985,GE Wind,0
220,1985,Gamesa,0
221,1985,Goldwind,0
222,1985,Guodian,0
223,1985,HZ Windpower,0
224,1985,Hyundai,0
225,1985,Kenersys,0
226,1985,Leitner Ag,0
227,1985,Leitner Poma,0
228,1985,Lolland,2
229,1985,Micon,110
230,1985,Mitsubishi,0
231,1985,NEG Micon,0
232,1985,NedWind,0
233,1985,Nordex,0
234,1985,Nordic,0
235,1985,Nordtank,207
236,1985,Northern Power Systems,0
237,1985,Norwin,0
238,1985,PowerWind,0
239,1985,REpower,0
240,1985,RRB,0
241,1985,Renewtech LLC,0
242,1985,SIVA Windturbine India Pvt Ltd,0
243,1985,Samsung,0
244,1985,Sany,0
245,1985,Seaforth,0
246,1985,Siemens,0
247,1985,Siemens Gamesa Renewable Energy,0
248,1985,Silver Eagle,0
249,1985,Sinovel,0
250,1985,Siva,0
251,1985,Skystream,0
252,1985,Suzlon,0
253,1985,Turbowinds,0
254,1985,Unison,0
255,1985,Vanguard,3
256,1985,Vensys,0
257,1985,Vergnet,0
258,1985,Vestas,516
259,1985,Wincon,0
260,1985,Wind Energy Solutions,0
261,1985,Wind World,0
262,1985,Windmatic,49
263,1985,Zond,0
264,1986,AAER,0
265,1986,AOC,0
266,1986,AWE,0
267,1986,Acciona,0
268,1986,Aeronautica,0
269,1986,Alstom,0
270,1986,Bergey Energy,0
271,1986,Bonus,207
272,1986,Bora,0
273,1986,Changzhou Railcar Propulsion Engineering Research and Development Center,0
274,1986,China Creative Wind Energy,0
275,1986,Clipper,0
276,1986,DWT,0
277,1986,Danwin,0
278,1986,DeWind,0
279,1986,EWT,0
280,1986,Elecon,0
281,1986,Endurance,0
282,1986,Enron,0
283,1986,Entegrity,0
284,1986,Fuhrlander,0
285,1986,GE Wind,0
286,1986,Gamesa,0
287,1986,Goldwind,0
288,1986,Guodian,0
289,1986,HZ Windpower,0
290,1986,Hyundai,0
291,1986,Kenersys,0
292,1986,Leitner Ag,0
293,1986,Leitner Poma,0
294,1986,Lolland,2
295,1986,Micon,204
296,1986,Mitsubishi,0
297,1986,NEG Micon,0
298,1986,NedWind,0
299,1986,Nordex,0
300,1986,Nordic,0
301,1986,Nordtank,207
302,1986,Northern Power Systems,0
303,1986,Norwin,0
304,1986,PowerWind,0
305,1986,REpower,0
306,1986,RRB,0
307,1986,Renewtech LLC,0
308,1986,SIVA Windturbine India Pvt Ltd,0
309,1986,Samsung,0
310,1986,Sany,0
311,1986,Seaforth,0
312,1986,Siemens,0
313,1986,Siemens Gamesa Renewable Energy,0
314,1986,Silver Eagle,0
315,1986,Sinovel,0
316,1986,Siva,0
317,1986,Skystream,0
318,1986,Suzlon,0
319,1986,Turbowinds,0
320,1986,Unison,0
321,1986,Vanguard,3
322,1986,Vensys,0
323,1986,Vergnet,0
324,1986,Vestas,518
325,1986,Wincon,0
326,1986,Wind Energy Solutions,0
327,1986,Wind World,0
328,1986,Windmatic,49
329,1986,Zond,0
330,1987,AAER,0
331,1987,AOC,0
332,1987,AWE,0
333,1987,Acciona,0
334,1987,Aeronautica,0
335,1987,Alstom,0
336,1987,Bergey Energy,0
337,1987,Bonus,207
338,1987,Bora,0
339,1987,Changzhou Railcar Propulsion Engineering Research and Development Center,0
340,1987,China Creative Wind Energy,0
341,1987,Clipper,0
342,1987,DWT,0
343,1987,Danwin,0
344,1987,DeWind,0
345,1987,EWT,0
346,1987,Elecon,0
347,1987,Endurance,0
348,1987,Enron,0
349,1987,Entegrity,0
350,1987,Fuhrlander,0
351,1987,GE Wind,0
352,1987,Gamesa,0
353,1987,Goldwind,0
354,1987,Guodian,0
355,1987,HZ Windpower,0
356,1987,Hyundai,0
357,1987,Kenersys,0
358,1987,Leitner Ag,0
359,1987,Leitner Poma,0
360,1987,Lolland,2
361,1987,Micon,389
362,1987,Mitsubishi,0
363,1987,NEG Micon,0
364,1987,NedWind,0
365,1987,Nordex,0
366,1987,Nordic,0
367,1987,Nordtank,207
368,1987,Northern Power Systems,0
369,1987,Norwin,0
370,1987,PowerWind,0
371,1987,REpower,0
372,1987,RRB,0
373,1987,Renewtech LLC,0
374,1987,SIVA Windturbine India Pvt Ltd,0
375,1987,Samsung,0
376,1987,Sany,0
377,1987,Seaforth,0
378,1987,Siemens,0
379,1987,Siemens Gamesa Renewable Energy,0
380,1987,Silver Eagle,0
381,1987,Sinovel,0
382,1987,Siva,0
383,1987,Skystream,0
384,1987,Suzlon,0
385,1987,Turbowinds,0
386,1987,Unison,0
387,1987,Vanguard,3
388,1987,Vensys,0
389,1987,Vergnet,0
390,1987,Vestas,532
391,1987,Wincon,0
392,1987,Wind Energy Solutions,0
393,1987,Wind World,0
394,1987,Windmatic,49
395,1987,Zond,0
396,1988,AAER,0
397,1988,AOC,0
398,1988,AWE,0
399,1988,Acciona,0
400,1988,Aeronautica,0
401,1988,Alstom,0
402,1988,Bergey Energy,0
403,1988,Bonus,207
404,1988,Bora,0
405,1988,Changzhou Railcar Propulsion Engineering Research and Development Center,0
406,1988,China Creative Wind Energy,0
407,1988,Clipper,0
408,1988,DWT,0
409,1988,Danwin,115
410,1988,DeWind,0
411,1988,EWT,0
412,1988,Elecon,0
413,1988,Endurance,0
414,1988,Enron,0
415,1988,Entegrity,0
416,1988,Fuhrlander,0
417,1988,GE Wind,0
418,1988,Gamesa,0
419,1988,Goldwind,0
420,1988,Guodian,0
421,1988,HZ Windpower,0
422,1988,Hyundai,0
423,1988,Kenersys,0
424,1988,Leitner Ag,0
425,1988,Leitner Poma,0
426,1988,Lolland,2
427,1988,Micon,389
428,1988,Mitsubishi,0
429,1988,NEG Micon,0
430,1988,NedWind,0
431,1988,Nordex,0
432,1988,Nordic,0
433,1988,Nordtank,207
434,1988,Northern Power Systems,0
435,1988,Norwin,0
436,1988,PowerWind,0
437,1988,REpower,0
438,1988,RRB,0
439,1988,Renewtech LLC,0
440,1988,SIVA Windturbine India Pvt Ltd,0
441,1988,Samsung,0
442,1988,Sany,0
443,1988,Seaforth,0
444,1988,Siemens,0
445,1988,Siemens Gamesa Renewable Energy,0
446,1988,Silver Eagle,0
447,1988,Sinovel,0
448,1988,Siva,0
449,1988,Skystream,0
450,1988,Suzlon,0
451,1988,Turbowinds,0
452,1988,Unison,0
453,1988,Vanguard,3
454,1988,Vensys,0
455,1988,Vergnet,0
456,1988,Vestas,532
457,1988,Wincon,1
458,1988,Wind Energy Solutions,0
459,1988,Wind World,0
460,1988,Windmatic,49
461,1988,Zond,0
462,1990,AAER,0
463,1990,AOC,0
464,1990,AWE,0
465,1990,Acciona,0
466,1990,Aeronautica,0
467,1990,Alstom,0
468,1990,Bergey Energy,0
469,1990,Bonus,207
470,1990,Bora,0
471,1990,Changzhou Railcar Propulsion Engineering Research and Development Center,0
472,1990,China Creative Wind Energy,0
473,1990,Clipper,0
474,1990,DWT,1
475,1990,Danwin,115
476,1990,DeWind,0
477,1990,EWT,0
478,1990,Elecon,0
479,1990,Endurance,0
480,1990,Enron,0
481,1990,Entegrity,0
482,1990,Fuhrlander,0
483,1990,GE Wind,0
484,1990,Gamesa,0
485,1990,Goldwind,0
486,1990,Guodian,0
487,1990,HZ Windpower,0
488,1990,Hyundai,0
489,1990,Kenersys,0
490,1990,Leitner Ag,0
491,1990,Leitner Poma,0
492,1990,Lolland,2
493,1990,Micon,389
494,1990,Mitsubishi,0
495,1990,NEG Micon,0
496,1990,NedWind,0
497,1990,Nordex,0
498,1990,Nordic,0
499,1990,Nordtank,207
500,1990,Northern Power Systems,0
501,1990,Norwin,0
502,1990,PowerWind,0
503,1990,REpower,0
504,1990,RRB,0
505,1990,Renewtech LLC,0
506,1990,SIVA Windturbine India Pvt Ltd,0
507,1990,Samsung,0
508,1990,Sany,0
509,1990,Seaforth,0
510,1990,Siemens,0
511,1990,Siemens Gamesa Renewable Energy,0
512,1990,Silver Eagle,0
513,1990,Sinovel,0
514,1990,Siva,0
515,1990,Skystream,0
516,1990,Suzlon,0
517,1990,Turbowinds,0
518,1990,Unison,0
519,1990,Vanguard,3
520,1990,Vensys,0
521,1990,Vergnet,0
522,1990,Vestas,858
523,1990,Wincon,1
524,1990,Wind Energy Solutions,0
525,1990,Wind World,0
526,1990,Windmatic,49
527,1990,Zond,0
528,1991,AAER,0
529,1991,AOC,0
530,1991,AWE,0
531,1991,Acciona,0
532,1991,Aeronautica,0
533,1991,Alstom,0
534,1991,Bergey Energy,0
535,1991,Bonus,207
536,1991,Bora,0
537,1991,Changzhou Railcar Propulsion Engineering Research and Development Center,0
538,1991,China Creative Wind Energy,0
539,1991,Clipper,0
540,1991,DWT,1
541,1991,Danwin,115
542,1991,DeWind,0
543,1991,EWT,0
544,1991,Elecon,0
545,1991,Endurance,0
546,1991,Enron,0
547,1991,Entegrity,0
548,1991,Fuhrlander,0
549,1991,GE Wind,0
550,1991,Gamesa,0
551,1991,Goldwind,0
552,1991,Guodian,0
553,1991,HZ Windpower,0
554,1991,Hyundai,0
555,1991,Kenersys,0
556,1991,Leitner Ag,0
557,1991,Leitner Poma,0
558,1991,Lolland,2
559,1991,Micon,389
560,1991,Mitsubishi,0
561,1991,NEG Micon,0
562,1991,NedWind,0
563,1991,Nordex,0
564,1991,Nordic,0
565,1991,Nordtank,207
566,1991,Northern Power Systems,0
567,1991,Norwin,0
568,1991,PowerWind,0
569,1991,REpower,0
570,1991,RRB,0
571,1991,Renewtech LLC,0
572,1991,SIVA Windturbine India Pvt Ltd,0
573,1991,Samsung,0
574,1991,Sany,0
575,1991,Seaforth,0
576,1991,Siemens,0
577,1991,Siemens Gamesa Renewable Energy,0
578,1991,Silver Eagle,0
579,1991,Sinovel,0
580,1991,Siva,0
581,1991,Skystream,0
582,1991,Suzlon,0
583,1991,Turbowinds,0
584,1991,Unison,0
585,1991,Vanguard,3
586,1991,Vensys,0
587,1991,Vergnet,0
588,1991,Vestas,859
589,1991,Wincon,1
590,1991,Wind Energy Solutions,0
591,1991,Wind World,0
592,1991,Windmatic,49
593,1991,Zond,0
594,1992,AAER,0
595,1992,AOC,0
596,1992,AWE,0
597,1992,Acciona,0
598,1992,Aeronautica,0
599,1992,Alstom,0
600,1992,Bergey Energy,0
601,1992,Bonus,207
602,1992,Bora,0
603,1992,Changzhou Railcar Propulsion Engineering Research and Development Center,0
604,1992,China Creative Wind Energy,0
605,1992,Clipper,0
606,1992,DWT,1
607,1992,Danwin,115
608,1992,DeWind,0
609,1992,EWT,0
610,1992,Elecon,0
611,1992,Endurance,0
612,1992,Enron,0
613,1992,Entegrity,0
614,1992,Fuhrlander,0
615,1992,GE Wind,0
616,1992,Gamesa,0
617,1992,Goldwind,0
618,1992,Guodian,0
619,1992,HZ Windpower,0
620,1992,Hyundai,0
621,1992,Kenersys,0
622,1992,Leitner Ag,0
623,1992,Leitner Poma,0
624,1992,Lolland,2
625,1992,Micon,389
626,1992,Mitsubishi,0
627,1992,NEG Micon,0
628,1992,NedWind,0
629,1992,Nordex,0
630,1992,Nordic,0
631,1992,Nordtank,207
632,1992,Northern Power Systems,0
633,1992,Norwin,0
634,1992,PowerWind,0
635,1992,REpower,0
636,1992,RRB,0
637,1992,Renewtech LLC,0
638,1992,SIVA Windturbine India Pvt Ltd,0
639,1992,Samsung,0
640,1992,Sany,0
641,1992,Seaforth,0
642,1992,Siemens,0
643,1992,Siemens Gamesa Renewable Energy,0
644,1992,Silver Eagle,0
645,1992,Sinovel,0
646,1992,Siva,0
647,1992,Skystream,0
648,1992,Suzlon,0
649,1992,Turbowinds,0
650,1992,Unison,0
651,1992,Vanguard,3
652,1992,Vensys,0
653,1992,Vergnet,0
654,1992,Vestas,860
655,1992,Wincon,1
656,1992,Wind Energy Solutions,0
657,1992,Wind World,1
658,1992,Windmatic,49
659,1992,Zond,0
660,1994,AAER,0
661,1994,AOC,0
662,1994,AWE,0
663,1994,Acciona,0
664,1994,Aeronautica,0
665,1994,Alstom,0
666,1994,Bergey Energy,0
667,1994,Bonus,207
668,1994,Bora,0
669,1994,Changzhou Railcar Propulsion Engineering Research and Development Center,0
670,1994,China Creative Wind Energy,0
671,1994,Clipper,0
672,1994,DWT,1
673,1994,Danwin,115
674,1994,DeWind,0
675,1994,EWT,0
676,1994,Elecon,0
677,1994,Endurance,0
678,1994,Enron,0
679,1994,Entegrity,0
680,1994,Fuhrlander,0
681,1994,GE Wind,0
682,1994,Gamesa,0
683,1994,Goldwind,0
684,1994,Guodian,0
685,1994,HZ Windpower,0
686,1994,Hyundai,0
687,1994,Kenersys,0
688,1994,Leitner Ag,0
689,1994,Leitner Poma,0
690,1994,Lolland,2
691,1994,Micon,389
692,1994,Mitsubishi,0
693,1994,NEG Micon,0
694,1994,NedWind,0
695,1994,Nordex,0
696,1994,Nordic,0
697,1994,Nordtank,207
698,1994,Northern Power Systems,0
699,1994,Norwin,0
700,1994,PowerWind,0
701,1994,REpower,0
702,1994,RRB,0
703,1994,Renewtech LLC,0
704,1994,SIVA Windturbine India Pvt Ltd,0
705,1994,Samsung,0
706,1994,Sany,0
707,1994,Seaforth,0
708,1994,Siemens,0
709,1994,Siemens Gamesa Renewable Energy,0
710,1994,Silver Eagle,0
711,1994,Sinovel,0
712,1994,Siva,0
713,1994,Skystream,0
714,1994,Suzlon,0
715,1994,Turbowinds,0
716,1994,Unison,0
717,1994,Vanguard,3
718,1994,Vensys,0
719,1994,Vergnet,0
720,1994,Vestas,890
721,1994,Wincon,1
722,1994,Wind Energy Solutions,0
723,1994,Wind World,1
724,1994,Windmatic,49
725,1994,Zond,0
726,1995,AAER,0
727,1995,AOC,0
728,1995,AWE,0
729,1995,Acciona,0
730,1995,Aeronautica,0
731,1995,Alstom,0
732,1995,Bergey Energy,0
733,1995,Bonus,207
734,1995,Bora,0
735,1995,Changzhou Railcar Propulsion Engineering Research and Development Center,0
736,1995,China Creative Wind Energy,0
737,1995,Clipper,0
738,1995,DWT,1
739,1995,Danwin,115
740,1995,DeWind,0
741,1995,EWT,0
742,1995,Elecon,0
743,1995,Endurance,0
744,1995,Enron,0
745,1995,Entegrity,0
746,1995,Fuhrlander,0
747,1995,GE Wind,0
748,1995,Gamesa,0
749,1995,Goldwind,0
750,1995,Guodian,0
751,1995,HZ Windpower,0
752,1995,Hyundai,0
753,1995,Kenersys,0
754,1995,Leitner Ag,0
755,1995,Leitner Poma,0
756,1995,Lolland,2
757,1995,Micon,389
758,1995,Mitsubishi,0
759,1995,NEG Micon,0
760,1995,NedWind,0
761,1995,Nordex,0
762,1995,Nordic,0
763,1995,Nordtank,207
764,1995,Northern Power Systems,0
765,1995,Norwin,0
766,1995,PowerWind,0
767,1995,REpower,0
768,1995,RRB,0
769,1995,Renewtech LLC,0
770,1995,SIVA Windturbine India Pvt Ltd,0
771,1995,Samsung,0
772,1995,Sany,0
773,1995,Seaforth,0
774,1995,Siemens,0
775,1995,Siemens Gamesa Renewable Energy,0
776,1995,Silver Eagle,0
777,1995,Sinovel,0
778,1995,Siva,0
779,1995,Skystream,0
780,1995,Suzlon,0
781,1995,Turbowinds,0
782,1995,Unison,0
783,1995,Vanguard,3
784,1995,Vensys,0
785,1995,Vergnet,0
786,1995,Vestas,932
787,1995,Wincon,1
788,1995,Wind Energy Solutions,0
789,1995,Wind World,1
790,1995,Windmatic,50
791,1995,Zond,0
792,1996,AAER,0
793,1996,AOC,0
794,1996,AWE,0
795,1996,Acciona,0
796,1996,Aeronautica,0
797,1996,Alstom,0
798,1996,Bergey Energy,0
799,1996,Bonus,207
800,1996,Bora,0
801,1996,Changzhou Railcar Propulsion Engineering Research and Development Center,0
802,1996,China Creative Wind Energy,0
803,1996,Clipper,0
804,1996,DWT,1
805,1996,Danwin,115
806,1996,DeWind,0
807,1996,EWT,0
808,1996,Elecon,0
809,1996,Endurance,0
810,1996,Enron,0
811,1996,Entegrity,0
812,1996,Fuhrlander,0
813,1996,GE Wind,0
814,1996,Gamesa,0
815,1996,Goldwind,0
816,1996,Guodian,0
817,1996,HZ Windpower,0
818,1996,Hyundai,0
819,1996,Kenersys,0
820,1996,Leitner Ag,0
821,1996,Leitner Poma,0
822,1996,Lolland,2
823,1996,Micon,389
824,1996,Mitsubishi,0
825,1996,NEG Micon,0
826,1996,NedWind,0
827,1996,Nordex,0
828,1996,Nordic,0
829,1996,Nordtank,207
830,1996,Northern Power Systems,0
831,1996,Norwin,0
832,1996,PowerWind,0
833,1996,REpower,0
834,1996,RRB,0
835,1996,Renewtech LLC,0
836,1996,SIVA Windturbine India Pvt Ltd,0
837,1996,Samsung,0
838,1996,Sany,0
839,1996,Seaforth,0
840,1996,Siemens,0
841,1996,Siemens Gamesa Renewable Energy,0
842,1996,Silver Eagle,0
843,1996,Sinovel,0
844,1996,Siva,0
845,1996,Skystream,0
846,1996,Suzlon,0
847,1996,Turbowinds,0
848,1996,Unison,0
849,1996,Vanguard,3
850,1996,Vensys,0
851,1996,Vergnet,0
852,1996,Vestas,933
853,1996,Wincon,1
854,1996,Wind Energy Solutions,0
855,1996,Wind World,1
856,1996,Windmatic,50
857,1996,Zond,0
858,1997,AAER,0
859,1997,AOC,1
860,1997,AWE,0
861,1997,Acciona,0
862,1997,Aeronautica,0
863,1997,Alstom,0
864,1997,Bergey Energy,0
865,1997,Bonus,207
866,1997,Bora,0
867,1997,Changzhou Railcar Propulsion Engineering Research and Development Center,0
868,1997,China Creative Wind Energy,0
869,1997,Clipper,0
870,1997,DWT,1
871,1997,Danwin,115
872,1997,DeWind,0
873,1997,EWT,0
874,1997,Elecon,0
875,1997,Endurance,0
876,1997,Enron,0
877,1997,Entegrity,0
878,1997,Fuhrlander,0
879,1997,GE Wind,0
880,1997,Gamesa,0
881,1997,Goldwind,0
882,1997,Guodian,0
883,1997,HZ Windpower,0
884,1997,Hyundai,0
885,1997,Kenersys,0
886,1997,Leitner Ag,0
887,1997,Leitner Poma,0
888,1997,Lolland,2
889,1997,Micon,389
890,1997,Mitsubishi,0
891,1997,NEG Micon,8
892,1997,NedWind,0
893,1997,Nordex,0
894,1997,Nordic,0
895,1997,Nordtank,207
896,1997,Northern Power Systems,0
897,1997,Norwin,0
898,1997,PowerWind,0
899,1997,REpower,0
900,1997,RRB,0
901,1997,Renewtech LLC,0
902,1997,SIVA Windturbine India Pvt Ltd,0
903,1997,Samsung,0
904,1997,Sany,0
905,1997,Seaforth,6
906,1997,Siemens,0
907,1997,Siemens Gamesa Renewable Energy,0
908,1997,Silver Eagle,2
909,1997,Sinovel,0
910,1997,Siva,0
911,1997,Skystream,0
912,1997,Suzlon,0
913,1997,Turbowinds,0
914,1997,Unison,0
915,1997,Vanguard,3
916,1997,Vensys,0
917,1997,Vergnet,0
918,1997,Vestas,945
919,1997,Wincon,1
920,1997,Wind Energy Solutions,0
921,1997,Wind World,1
922,1997,Windmatic,50
923,1997,Zond,12
924,1998,AAER,0
925,1998,AOC,1
926,1998,AWE,0
927,1998,Acciona,0
928,1998,Aeronautica,0
929,1998,Alstom,0
930,1998,Bergey Energy,0
931,1998,Bonus,207
932,1998,Bora,0
933,1998,Changzhou Railcar Propulsion Engineering Research and Development Center,0
934,1998,China Creative Wind Energy,0
935,1998,Clipper,0
936,1998,DWT,1
937,1998,Danwin,115
938,1998,DeWind,0
939,1998,EWT,0
940,1998,Elecon,0
941,1998,Endurance,0
942,1998,Enron,139
943,1998,Entegrity,0
944,1998,Fuhrlander,0
945,1998,GE Wind,0
946,1998,Gamesa,0
947,1998,Goldwind,0
948,1998,Guodian,0
949,1998,HZ Windpower,0
950,1998,Hyundai,0
951,1998,Kenersys,0
952,1998,Leitner Ag,0
953,1998,Leitner Poma,0
954,1998,Lolland,2
955,1998,Micon,389
956,1998,Mitsubishi,0
957,1998,NEG Micon,10
958,1998,NedWind,0
959,1998,Nordex,0
960,1998,Nordic,0
961,1998,Nordtank,207
962,1998,Northern Power Systems,0
963,1998,Norwin,0
964,1998,PowerWind,0
965,1998,REpower,0
966,1998,RRB,0
967,1998,Renewtech LLC,0
968,1998,SIVA Windturbine India Pvt Ltd,0
969,1998,Samsung,0
970,1998,Sany,0
971,1998,Seaforth,6
972,1998,Siemens,0
973,1998,Siemens Gamesa Renewable Energy,0
974,1998,Silver Eagle,2
975,1998,Sinovel,0
976,1998,Siva,0
977,1998,Skystream,0
978,1998,Suzlon,0
979,1998,Turbowinds,0
980,1998,Unison,0
981,1998,Vanguard,3
982,1998,Vensys,0
983,1998,Vergnet,0
984,1998,Vestas,987
985,1998,Wincon,1
986,1998,Wind Energy Solutions,0
987,1998,Wind World,1
988,1998,Windmatic,50
989,1998,Zond,15
990,1999,AAER,0
991,1999,AOC,6
992,1999,AWE,0
993,1999,Acciona,0
994,1999,Aeronautica,0
995,1999,Alstom,0
996,1999,Bergey Energy,0
997,1999,Bonus,207
998,1999,Bora,0
999,1999,Changzhou Railcar Propulsion Engineering Research and Development Center,0
1000,1999,China Creative Wind Energy,0
1001,1999,Clipper,0
1002,1999,DWT,1
1003,1999,Danwin,115
1004,1999,DeWind,0
1005,1999,EWT,0
1006,1999,Elecon,0
1007,1999,Endurance,0
1008,1999,Enron,395
1009,1999,Entegrity,0
1010,1999,Fuhrlander,0
1011,1999,GE Wind,0
1012,1999,Gamesa,0
1013,1999,Goldwind,0
1014,1999,Guodian,0
1015,1999,HZ Windpower,0
1016,1999,Hyundai,0
1017,1999,Kenersys,0
1018,1999,Leitner Ag,0
1019,1999,Leitner Poma,0
1020,1999,Lolland,2
1021,1999,Micon,389
1022,1999,Mitsubishi,23
1023,1999,NEG Micon,330
1024,1999,NedWind,0
1025,1999,Nordex,1
1026,1999,Nordic,0
1027,1999,Nordtank,207
1028,1999,Northern Power Systems,0
1029,1999,Norwin,0
1030,1999,PowerWind,0
1031,1999,REpower,0
1032,1999,RRB,0
1033,1999,Renewtech LLC,0
1034,1999,SIVA Windturbine India Pvt Ltd,0
1035,1999,Samsung,0
1036,1999,Sany,0
1037,1999,Seaforth,6
1038,1999,Siemens,0
1039,1999,Siemens Gamesa Renewable Energy,0
1040,1999,Silver Eagle,2
1041,1999,Sinovel,0
1042,1999,Siva,0
1043,1999,Skystream,0
1044,1999,Suzlon,0
1045,1999,Turbowinds,0
1046,1999,Unison,0
1047,1999,Vanguard,3
1048,1999,Vensys,0
1049,1999,Vergnet,0
1050,1999,Vestas,1080
1051,1999,Wincon,1
1052,1999,Wind Energy Solutions,0
1053,1999,Wind World,1
1054,1999,Windmatic,50
1055,1999,Zond,224
1056,2000,AAER,0
1057,2000,AOC,8
1058,2000,AWE,0
1059,2000,Acciona,0
1060,2000,Aeronautica,0
1061,2000,Alstom,0
1062,2000,Bergey Energy,0
1063,2000,Bonus,207
1064,2000,Bora,0
1065,2000,Changzhou Railcar Propulsion Engineering Research and Development Center,0
1066,2000,China Creative Wind Energy,0
1067,2000,Clipper,0
1068,2000,DWT,1
1069,2000,Danwin,115
1070,2000,DeWind,0
1071,2000,EWT,0
1072,2000,Elecon,0
1073,2000,Endurance,0
1074,2000,Enron,395
1075,2000,Entegrity,0
1076,2000,Fuhrlander,0
1077,2000,GE Wind,0
1078,2000,Gamesa,0
1079,2000,Goldwind,0
1080,2000,Guodian,0
1081,2000,HZ Windpower,0
1082,2000,Hyundai,0
1083,2000,Kenersys,0
1084,2000,Leitner Ag,0
1085,2000,Leitner Poma,0
1086,2000,Lolland,2
1087,2000,Micon,389
1088,2000,Mitsubishi,52
1089,2000,NEG Micon,331
1090,2000,NedWind,0
1091,2000,Nordex,1
1092,2000,Nordic,0
1093,2000,Nordtank,207
1094,2000,Northern Power Systems,0
1095,2000,Norwin,0
1096,2000,PowerWind,0
1097,2000,REpower,0
1098,2000,RRB,0
1099,2000,Renewtech LLC,0
1100,2000,SIVA Windturbine India Pvt Ltd,0
1101,2000,Samsung,0
1102,2000,Sany,0
1103,2000,Seaforth,6
1104,2000,Siemens,0
1105,2000,Siemens Gamesa Renewable Energy,0
1106,2000,Silver Eagle,2
1107,2000,Sinovel,0
1108,2000,Siva,0
1109,2000,Skystream,0
1110,2000,Suzlon,0
1111,2000,Turbowinds,0
1112,2000,Unison,0
1113,2000,Vanguard,3
1114,2000,Vensys,0
1115,2000,Vergnet,0
1116,2000,Vestas,1120
1117,2000,Wincon,1
1118,2000,Wind Energy Solutions,0
1119,2000,Wind World,1
1120,2000,Windmatic,50
1121,2000,Zond,224
1122,2001,AAER,0
1123,2001,AOC,8
1124,2001,AWE,0
1125,2001,Acciona,0
1126,2001,Aeronautica,0
1127,2001,Alstom,0
1128,2001,Bergey Energy,0
1129,2001,Bonus,255
1130,2001,Bora,0
1131,2001,Changzhou Railcar Propulsion Engineering Research and Development Center,0
1132,2001,China Creative Wind Energy,0
1133,2001,Clipper,0
1134,2001,DWT,1
1135,2001,Danwin,115
1136,2001,DeWind,0
1137,2001,EWT,0
1138,2001,Elecon,0
1139,2001,Endurance,0
1140,2001,Enron,396
1141,2001,Entegrity,0
1142,2001,Fuhrlander,0
1143,2001,GE Wind,261
1144,2001,Gamesa,362
1145,2001,Goldwind,0
1146,2001,Guodian,0
1147,2001,HZ Windpower,0
1148,2001,Hyundai,0
1149,2001,Kenersys,0
1150,2001,Leitner Ag,0
1151,2001,Leitner Poma,0
1152,2001,Lolland,2
1153,2001,Micon,391
1154,2001,Mitsubishi,330
1155,2001,NEG Micon,465
1156,2001,NedWind,0
1157,2001,Nordex,3
1158,2001,Nordic,0
1159,2001,Nordtank,207
1160,2001,Northern Power Systems,1
1161,2001,Norwin,0
1162,2001,PowerWind,0
1163,2001,REpower,0
1164,2001,RRB,0
1165,2001,Renewtech LLC,0
1166,2001,SIVA Windturbine India Pvt Ltd,0
1167,2001,Samsung,0
1168,2001,Sany,0
1169,2001,Seaforth,6
1170,2001,Siemens,0
1171,2001,Siemens Gamesa Renewable Energy,166
1172,2001,Silver Eagle,2
1173,2001,Sinovel,0
1174,2001,Siva,0
1175,2001,Skystream,0
1176,2001,Suzlon,0
1177,2001,Turbowinds,0
1178,2001,Unison,0
1179,2001,Vanguard,3
1180,2001,Vensys,0
1181,2001,Vergnet,0
1182,2001,Vestas,1740
1183,2001,Wincon,1
1184,2001,Wind Energy Solutions,0
1185,2001,Wind World,1
1186,2001,Windmatic,50
1187,2001,Zond,224
1188,2002,AAER,0
1189,2002,AOC,8
1190,2002,AWE,0
1191,2002,Acciona,0
1192,2002,Aeronautica,0
1193,2002,Alstom,0
1194,2002,Bergey Energy,0
1195,2002,Bonus,292
1196,2002,Bora,0
1197,2002,Changzhou Railcar Propulsion Engineering Research and Development Center,0
1198,2002,China Creative Wind Energy,0
1199,2002,Clipper,0
1200,2002,DWT,1
1201,2002,Danwin,115
1202,2002,DeWind,0
1203,2002,EWT,0
1204,2002,Elecon,0
1205,2002,Endurance,0
1206,2002,Enron,396
1207,2002,Entegrity,0
1208,2002,Fuhrlander,1
1209,2002,GE Wind,303
1210,2002,Gamesa,362
1211,2002,Goldwind,0
1212,2002,Guodian,0
1213,2002,HZ Windpower,0
1214,2002,Hyundai,0
1215,2002,Kenersys,0
1216,2002,Leitner Ag,0
1217,2002,Leitner Poma,0
1218,2002,Lolland,2
1219,2002,Micon,392
1220,2002,Mitsubishi,372
1221,2002,NEG Micon,529
1222,2002,NedWind,0
1223,2002,Nordex,5
1224,2002,Nordic,0
1225,2002,Nordtank,207
1226,2002,Northern Power Systems,2
1227,2002,Norwin,0
1228,2002,PowerWind,0
1229,2002,REpower,0
1230,2002,RRB,0
1231,2002,Renewtech LLC,0
1232,2002,SIVA Windturbine India Pvt Ltd,0
1233,2002,Samsung,0
1234,2002,Sany,0
1235,2002,Seaforth,6
1236,2002,Siemens,0
1237,2002,Siemens Gamesa Renewable Energy,166
1238,2002,Silver Eagle,2
1239,2002,Sinovel,0
1240,2002,Siva,0
1241,2002,Skystream,0
1242,2002,Suzlon,0
1243,2002,Turbowinds,0
1244,2002,Unison,0
1245,2002,Vanguard,3
1246,2002,Vensys,0
1247,2002,Vergnet,0
1248,2002,Vestas,2010
1249,2002,Wincon,1
1250,2002,Wind Energy Solutions,0
1251,2002,Wind World,1
1252,2002,Windmatic,50
1253,2002,Zond,224
1254,2003,AAER,0
1255,2003,AOC,8
1256,2003,AWE,0
1257,2003,Acciona,0
1258,2003,Aeronautica,0
1259,2003,Alstom,0
1260,2003,Bergey Energy,0
1261,2003,Bonus,304
1262,2003,Bora,0
1263,2003,Changzhou Railcar Propulsion Engineering Research and Development Center,0
1264,2003,China Creative Wind Energy,0
1265,2003,Clipper,0
1266,2003,DWT,1
1267,2003,Danwin,115
1268,2003,DeWind,0
1269,2003,EWT,0
1270,2003,Elecon,0
1271,2003,Endurance,0
1272,2003,Enron,396
1273,2003,Entegrity,0
1274,2003,Fuhrlander,1
1275,2003,GE Wind,911
1276,2003,Gamesa,364
1277,2003,Goldwind,0
1278,2003,Guodian,0
1279,2003,HZ Windpower,0
1280,2003,Hyundai,0
1281,2003,Kenersys,0
1282,2003,Leitner Ag,0
1283,2003,Leitner Poma,0
1284,2003,Lolland,2
1285,2003,Micon,392
1286,2003,Mitsubishi,573
1287,2003,NEG Micon,613
1288,2003,NedWind,0
1289,2003,Nordex,5
1290,2003,Nordic,0
1291,2003,Nordtank,207
1292,2003,Northern Power Systems,2
1293,2003,Norwin,0
1294,2003,PowerWind,0
1295,2003,REpower,0
1296,2003,RRB,0
1297,2003,Renewtech LLC,0
1298,2003,SIVA Windturbine India Pvt Ltd,0
1299,2003,Samsung,0
1300,2003,Sany,0
1301,2003,Seaforth,8
1302,2003,Siemens,0
1303,2003,Siemens Gamesa Renewable Energy,166
1304,2003,Silver Eagle,2
1305,2003,Sinovel,0
1306,2003,Siva,0
1307,2003,Skystream,0
1308,2003,Suzlon,18
1309,2003,Turbowinds,0
1310,2003,Unison,0
1311,2003,Vanguard,3
1312,2003,Vensys,0
1313,2003,Vergnet,0
1314,2003,Vestas,2234
1315,2003,Wincon,1
1316,2003,Wind Energy Solutions,0
1317,2003,Wind World,1
1318,2003,Windmatic,50
1319,2003,Zond,224
1320,2004,AAER,0
1321,2004,AOC,12
1322,2004,AWE,0
1323,2004,Acciona,0
1324,2004,Aeronautica,0
1325,2004,Alstom,0
1326,2004,Bergey Energy,0
1327,2004,Bonus,304
1328,2004,Bora,0
1329,2004,Changzhou Railcar Propulsion Engineering Research and Development Center,0
1330,2004,China Creative Wind Energy,0
1331,2004,Clipper,0
1332,2004,DWT,1
1333,2004,Danwin,115
1334,2004,DeWind,0
1335,2004,EWT,0
1336,2004,Elecon,0
1337,2004,Endurance,0
1338,2004,Enron,396
1339,2004,Entegrity,0
1340,2004,Fuhrlander,1
1341,2004,GE Wind,1027
1342,2004,Gamesa,364
1343,2004,Goldwind,0
1344,2004,Guodian,0
1345,2004,HZ Windpower,0
1346,2004,Hyundai,0
1347,2004,Kenersys,0
1348,2004,Leitner Ag,0
1349,2004,Leitner Poma,0
1350,2004,Lolland,2
1351,2004,Micon,392
1352,2004,Mitsubishi,693
1353,2004,NEG Micon,635
1354,2004,NedWind,0
1355,2004,Nordex,5
1356,2004,Nordic,0
1357,2004,Nordtank,207
1358,2004,Northern Power Systems,2
1359,2004,Norwin,0
1360,2004,PowerWind,0
1361,2004,REpower,0
1362,2004,RRB,0
1363,2004,Renewtech LLC,0
1364,2004,SIVA Windturbine India Pvt Ltd,0
1365,2004,Samsung,0
1366,2004,Sany,0
1367,2004,Seaforth,8
1368,2004,Siemens,0
1369,2004,Siemens Gamesa Renewable Energy,166
1370,2004,Silver Eagle,2
1371,2004,Sinovel,0
1372,2004,Siva,0
1373,2004,Skystream,0
1374,2004,Suzlon,18
1375,2004,Turbowinds,0
1376,2004,Unison,0
1377,2004,Vanguard,3
1378,2004,Vensys,0
1379,2004,Vergnet,0
1380,2004,Vestas,2299
1381,2004,Wincon,1
1382,2004,Wind Energy Solutions,0
1383,2004,Wind World,1
1384,2004,Windmatic,50
1385,2004,Zond,224
1386,2005,AAER,0
1387,2005,AOC,12
1388,2005,AWE,0
1389,2005,Acciona,0
1390,2005,Aeronautica,0
1391,2005,Alstom,0
1392,2005,Bergey Energy,1
1393,2005,Bonus,304
1394,2005,Bora,0
1395,2005,Changzhou Railcar Propulsion Engineering Research and Development Center,0
1396,2005,China Creative Wind Energy,0
1397,2005,Clipper,0
1398,2005,DWT,1
1399,2005,Danwin,115
1400,2005,DeWind,0
1401,2005,EWT,0
1402,2005,Elecon,0
1403,2005,Endurance,0
1404,2005,Enron,396
1405,2005,Entegrity,0
1406,2005,Fuhrlander,2
1407,2005,GE Wind,1985
1408,2005,Gamesa,389
1409,2005,Goldwind,0
1410,2005,Guodian,0
1411,2005,HZ Windpower,0
1412,2005,Hyundai,0
1413,2005,Kenersys,0
1414,2005,Leitner Ag,0
1415,2005,Leitner Poma,0
1416,2005,Lolland,2
1417,2005,Micon,392
1418,2005,Mitsubishi,883
1419,2005,NEG Micon,673
1420,2005,NedWind,0
1421,2005,Nordex,5
1422,2005,Nordic,0
1423,2005,Nordtank,225
1424,2005,Northern Power Systems,2
1425,2005,Norwin,0
1426,2005,PowerWind,0
1427,2005,REpower,0
1428,2005,RRB,0
1429,2005,Renewtech LLC,0
1430,2005,SIVA Windturbine India Pvt Ltd,0
1431,2005,Samsung,0
1432,2005,Sany,0
1433,2005,Seaforth,8
1434,2005,Siemens,0
1435,2005,Siemens Gamesa Renewable Energy,166
1436,2005,Silver Eagle,2
1437,2005,Sinovel,0
1438,2005,Siva,0
1439,2005,Skystream,0
1440,2005,Suzlon,18
1441,2005,Turbowinds,0
1442,2005,Unison,0
1443,2005,Vanguard,3
1444,2005,Vensys,0
1445,2005,Vergnet,0
1446,2005,Vestas,2666
1447,2005,Wincon,1
1448,2005,Wind Energy Solutions,0
1449,2005,Wind World,1
1450,2005,Windmatic,50
1451,2005,Zond,224
1452,2006,AAER,0
1453,2006,AOC,12
1454,2006,AWE,0
1455,2006,Acciona,0
1456,2006,Aeronautica,0
1457,2006,Alstom,0
1458,2006,Bergey Energy,1
1459,2006,Bonus,305
1460,2006,Bora,0
1461,2006,Changzhou Railcar Propulsion Engineering Research and Development Center,0
1462,2006,China Creative Wind Energy,0
1463,2006,Clipper,0
1464,2006,DWT,1
1465,2006,Danwin,115
1466,2006,DeWind,0
1467,2006,EWT,0
1468,2006,Elecon,0
1469,2006,Endurance,0
1470,2006,Enron,396
1471,2006,Entegrity,0
1472,2006,Fuhrlander,2
1473,2006,GE Wind,2753
1474,2006,Gamesa,414
1475,2006,Goldwind,0
1476,2006,Guodian,0
1477,2006,HZ Windpower,0
1478,2006,Hyundai,0
1479,2006,Kenersys,0
1480,2006,Leitner Ag,0
1481,2006,Leitner Poma,0
1482,2006,Lolland,2
1483,2006,Micon,392
1484,2006,Mitsubishi,1010
1485,2006,NEG Micon,673
1486,2006,NedWind,0
1487,2006,Nordex,5
1488,2006,Nordic,0
1489,2006,Nordtank,225
1490,2006,Northern Power Systems,5
1491,2006,Norwin,0
1492,2006,PowerWind,0
1493,2006,REpower,0
1494,2006,RRB,0
1495,2006,Renewtech LLC,0
1496,2006,SIVA Windturbine India Pvt Ltd,0
1497,2006,Samsung,0
1498,2006,Sany,0
1499,2006,Seaforth,11
1500,2006,Siemens,119
1501,2006,Siemens Gamesa Renewable Energy,296
1502,2006,Silver Eagle,2
1503,2006,Sinovel,0
1504,2006,Siva,0
1505,2006,Skystream,0
1506,2006,Suzlon,63
1507,2006,Turbowinds,0
1508,2006,Unison,0
1509,2006,Vanguard,3
1510,2006,Vensys,0
1511,2006,Vergnet,0
1512,2006,Vestas,2951
1513,2006,Wincon,1
1514,2006,Wind Energy Solutions,0
1515,2006,Wind World,1
1516,2006,Windmatic,50
1517,2006,Zond,224
1518,2007,AAER,0
1519,2007,AOC,12
1520,2007,AWE,0
1521,2007,Acciona,0
1522,2007,Aeronautica,0
1523,2007,Alstom,0
1524,2007,Bergey Energy,1
1525,2007,Bonus,305
1526,2007,Bora,0
1527,2007,Changzhou Railcar Propulsion Engineering Research and Development Center,0
1528,2007,China Creative Wind Energy,0
1529,2007,Clipper,19
1530,2007,DWT,1
1531,2007,Danwin,115
1532,2007,DeWind,0
1533,2007,EWT,0
1534,2007,Elecon,0
1535,2007,Endurance,0
1536,2007,Enron,396
1537,2007,Entegrity,0
1538,2007,Fuhrlander,2
1539,2007,GE Wind,4311
1540,2007,Gamesa,663
1541,2007,Goldwind,0
1542,2007,Guodian,0
1543,2007,HZ Windpower,0
1544,2007,Hyundai,0
1545,2007,Kenersys,0
1546,2007,Leitner Ag,0
1547,2007,Leitner Poma,0
1548,2007,Lolland,2
1549,2007,Micon,392
1550,2007,Mitsubishi,1374
1551,2007,NEG Micon,673
1552,2007,NedWind,0
1553,2007,Nordex,6
1554,2007,Nordic,0
1555,2007,Nordtank,225
1556,2007,Northern Power Systems,5
1557,2007,Norwin,0
1558,2007,PowerWind,0
1559,2007,REpower,0
1560,2007,RRB,0
1561,2007,Renewtech LLC,0
1562,2007,SIVA Windturbine India Pvt Ltd,0
1563,2007,Samsung,0
1564,2007,Sany,0
1565,2007,Seaforth,11
1566,2007,Siemens,427
1567,2007,Siemens Gamesa Renewable Energy,363
1568,2007,Silver Eagle,2
1569,2007,Sinovel,0
1570,2007,Siva,0
1571,2007,Skystream,0
1572,2007,Suzlon,161
1573,2007,Turbowinds,0
1574,2007,Unison,0
1575,2007,Vanguard,3
1576,2007,Vensys,0
1577,2007,Vergnet,0
1578,2007,Vestas,3487
1579,2007,Wincon,1
1580,2007,Wind Energy Solutions,0
1581,2007,Wind World,1
1582,2007,Windmatic,50
1583,2007,Zond,224
1584,2008,AAER,0
1585,2008,AOC,12
1586,2008,AWE,2
1587,2008,Acciona,273
1588,2008,Aeronautica,0
1589,2008,Alstom,0
1590,2008,Bergey Energy,1
1591,2008,Bonus,305
1592,2008,Bora,0
1593,2008,Changzhou Railcar Propulsion Engineering Research and Development Center,0
1594,2008,China Creative Wind Energy,0
1595,2008,Clipper,208
1596,2008,DWT,1
1597,2008,Danwin,115
1598,2008,DeWind,1
1599,2008,EWT,0
1600,2008,Elecon,0
1601,2008,Endurance,0
1602,2008,Enron,396
1603,2008,Entegrity,16
1604,2008,Fuhrlander,14
1605,2008,GE Wind,6703
1606,2008,Gamesa,968
1607,2008,Goldwind,0
1608,2008,Guodian,0
1609,2008,HZ Windpower,0
1610,2008,Hyundai,0
1611,2008,Kenersys,0
1612,2008,Leitner Ag,0
1613,2008,Leitner Poma,0
1614,2008,Lolland,2
1615,2008,Micon,392
1616,2008,Mitsubishi,1888
1617,2008,NEG Micon,674
1618,2008,NedWind,0
1619,2008,Nordex,6
1620,2008,Nordic,0
1621,2008,Nordtank,225
1622,2008,Northern Power Systems,11
1623,2008,Norwin,0
1624,2008,PowerWind,0
1625,2008,REpower,47
1626,2008,RRB,1
1627,2008,Renewtech LLC,0
1628,2008,SIVA Windturbine India Pvt Ltd,0
1629,2008,Samsung,0
1630,2008,Sany,0
1631,2008,Seaforth,11
1632,2008,Siemens,771
1633,2008,Siemens Gamesa Renewable Energy,363
1634,2008,Silver Eagle,2
1635,2008,Sinovel,0
1636,2008,Siva,0
1637,2008,Skystream,0
1638,2008,Suzlon,522
1639,2008,Turbowinds,0
1640,2008,Unison,0
1641,2008,Vanguard,3
1642,2008,Vensys,1
1643,2008,Vergnet,0
1644,2008,Vestas,4069
1645,2008,Wincon,1
1646,2008,Wind Energy Solutions,0
1647,2008,Wind World,1
1648,2008,Windmatic,50
1649,2008,Zond,224
1650,2009,AAER,2
1651,2009,AOC,12
1652,2009,AWE,2
1653,2009,Acciona,409
1654,2009,Aeronautica,0
1655,2009,Alstom,0
1656,2009,Bergey Energy,1
1657,2009,Bonus,305
1658,2009,Bora,0
1659,2009,Changzhou Railcar Propulsion Engineering Research and Development Center,1
1660,2009,China Creative Wind Energy,0
1661,2009,Clipper,454
1662,2009,DWT,1
1663,2009,Danwin,115
1664,2009,DeWind,4
1665,2009,EWT,3
1666,2009,Elecon,1
1667,2009,Endurance,0
1668,2009,Enron,396
1669,2009,Entegrity,16
1670,2009,Fuhrlander,19
1671,2009,GE Wind,9366
1672,2009,Gamesa,1266
1673,2009,Goldwind,3
1674,2009,Guodian,0
1675,2009,HZ Windpower,0
1676,2009,Hyundai,0
1677,2009,Kenersys,0
1678,2009,Leitner Ag,0
1679,2009,Leitner Poma,0
1680,2009,Lolland,2
1681,2009,Micon,392
1682,2009,Mitsubishi,2305
1683,2009,NEG Micon,675
1684,2009,NedWind,13
1685,2009,Nordex,31
1686,2009,Nordic,0
1687,2009,Nordtank,225
1688,2009,Northern Power Systems,38
1689,2009,Norwin,1
1690,2009,PowerWind,0
1691,2009,REpower,212
1692,2009,RRB,7
1693,2009,Renewtech LLC,0
1694,2009,SIVA Windturbine India Pvt Ltd,0
1695,2009,Samsung,0
1696,2009,Sany,0
1697,2009,Seaforth,11
1698,2009,Siemens,1273
1699,2009,Siemens Gamesa Renewable Energy,368
1700,2009,Silver Eagle,2
1701,2009,Sinovel,0
1702,2009,Siva,0
1703,2009,Skystream,0
1704,2009,Suzlon,867
1705,2009,Turbowinds,0
1706,2009,Unison,0
1707,2009,Vanguard,3
1708,2009,Vensys,3
1709,2009,Vergnet,0
1710,2009,Vestas,4894
1711,2009,Wincon,1
1712,2009,Wind Energy Solutions,1
1713,2009,Wind World,1
1714,2009,Windmatic,50
1715,2009,Zond,224
1716,2010,AAER,3
1717,2010,AOC,12
1718,2010,AWE,2
1719,2010,Acciona,475
1720,2010,Aeronautica,0
1721,2010,Alstom,0
1722,2010,Bergey Energy,1
1723,2010,Bonus,305
1724,2010,Bora,0
1725,2010,Changzhou Railcar Propulsion Engineering Research and Development Center,1
1726,2010,China Creative Wind Energy,0
1727,2010,Clipper,482
1728,2010,DWT,1
1729,2010,Danwin,115
1730,2010,DeWind,14
1731,2010,EWT,5
1732,2010,Elecon,1
1733,2010,Endurance,4
1734,2010,Enron,396
1735,2010,Entegrity,17
1736,2010,Fuhrlander,19
1737,2010,GE Wind,11048
1738,2010,Gamesa,1548
1739,2010,Goldwind,3
1740,2010,Guodian,0
1741,2010,HZ Windpower,0
1742,2010,Hyundai,0
1743,2010,Kenersys,0
1744,2010,Leitner Ag,1
1745,2010,Leitner Poma,0
1746,2010,Lolland,2
1747,2010,Micon,392
1748,2010,Mitsubishi,2451
1749,2010,NEG Micon,675
1750,2010,NedWind,13
1751,2010,Nordex,39
1752,2010,Nordic,2
1753,2010,Nordtank,226
1754,2010,Northern Power Systems,80
1755,2010,Norwin,1
1756,2010,PowerWind,1
1757,2010,REpower,247
1758,2010,RRB,7
1759,2010,Renewtech LLC,0
1760,2010,SIVA Windturbine India Pvt Ltd,0
1761,2010,Samsung,3
1762,2010,Sany,0
1763,2010,Seaforth,11
1764,2010,Siemens,1633
1765,2010,Siemens Gamesa Renewable Energy,368
1766,2010,Silver Eagle,2
1767,2010,Sinovel,0
1768,2010,Siva,0
1769,2010,Skystream,1
1770,2010,Suzlon,1068
1771,2010,Turbowinds,6
1772,2010,Unison,0
1773,2010,Vanguard,3
1774,2010,Vensys,3
1775,2010,Vergnet,0
1776,2010,Vestas,4960
1777,2010,Wincon,1
1778,2010,Wind Energy Solutions,1
1779,2010,Wind World,1
1780,2010,Windmatic,50
1781,2010,Zond,224
1782,2011,AAER,3
1783,2011,AOC,12
1784,2011,AWE,2
1785,2011,Acciona,475
1786,2011,Aeronautica,1
1787,2011,Alstom,24
1788,2011,Bergey Energy,1
1789,2011,Bonus,305
1790,2011,Bora,0
1791,2011,Changzhou Railcar Propulsion Engineering Research and Development Center,1
1792,2011,China Creative Wind Energy,0
1793,2011,Clipper,581
1794,2011,DWT,1
1795,2011,Danwin,115
1796,2011,DeWind,14
1797,2011,EWT,5
1798,2011,Elecon,2
1799,2011,Endurance,4
1800,2011,Enron,396
1801,2011,Entegrity,17
1802,2011,Fuhrlander,19
1803,2011,GE Wind,12297
1804,2011,Gamesa,1625
1805,2011,Goldwind,6
1806,2011,Guodian,0
1807,2011,HZ Windpower,0
1808,2011,Hyundai,2
1809,2011,Kenersys,1
1810,2011,Leitner Ag,1
1811,2011,Leitner Poma,0
1812,2011,Lolland,2
1813,2011,Micon,392
1814,2011,Mitsubishi,2587
1815,2011,NEG Micon,675
1816,2011,NedWind,13
1817,2011,Nordex,153
1818,2011,Nordic,3
1819,2011,Nordtank,232
1820,2011,Northern Power Systems,87
1821,2011,Norwin,1
1822,2011,PowerWind,2
1823,2011,REpower,333
1824,2011,RRB,7
1825,2011,Renewtech LLC,0
1826,2011,SIVA Windturbine India Pvt Ltd,0
1827,2011,Samsung,3
1828,2011,Sany,5
1829,2011,Seaforth,11
1830,2011,Siemens,2166
1831,2011,Siemens Gamesa Renewable Energy,369
1832,2011,Silver Eagle,2
1833,2011,Sinovel,1
1834,2011,Siva,1
1835,2011,Skystream,1
1836,2011,Suzlon,1227
1837,2011,Turbowinds,6
1838,2011,Unison,2
1839,2011,Vanguard,3
1840,2011,Vensys,7
1841,2011,Vergnet,0
1842,2011,Vestas,5930
1843,2011,Wincon,1
1844,2011,Wind Energy Solutions,1
1845,2011,Wind World,1
1846,2011,Windmatic,50
1847,2011,Zond,224
1848,2012,AAER,3
1849,2012,AOC,12
1850,2012,AWE,2
1851,2012,Acciona,603
1852,2012,Aeronautica,4
1853,2012,Alstom,24
1854,2012,Bergey Energy,1
1855,2012,Bonus,305
1856,2012,Bora,2
1857,2012,Changzhou Railcar Propulsion Engineering Research and Development Center,1
1858,2012,China Creative Wind Energy,17
1859,2012,Clipper,681
1860,2012,DWT,1
1861,2012,Danwin,115
1862,2012,DeWind,84
1863,2012,EWT,8
1864,2012,Elecon,2
1865,2012,Endurance,4
1866,2012,Enron,396
1867,2012,Entegrity,17
1868,2012,Fuhrlander,19
1869,2012,GE Wind,15294
1870,2012,Gamesa,2298
1871,2012,Goldwind,107
1872,2012,Guodian,6
1873,2012,HZ Windpower,2
1874,2012,Hyundai,4
1875,2012,Kenersys,2
1876,2012,Leitner Ag,1
1877,2012,Leitner Poma,1
1878,2012,Lolland,2
1879,2012,Micon,392
1880,2012,Mitsubishi,2791
1881,2012,NEG Micon,676
1882,2012,NedWind,13
1883,2012,Nordex,265
1884,2012,Nordic,5
1885,2012,Nordtank,232
1886,2012,Northern Power Systems,93
1887,2012,Norwin,1
1888,2012,PowerWind,6
1889,2012,REpower,621
1890,2012,RRB,7
1891,2012,Renewtech LLC,0
1892,2012,SIVA Windturbine India Pvt Ltd,1
1893,2012,Samsung,3
1894,2012,Sany,6
1895,2012,Seaforth,11
1896,2012,Siemens,3282
1897,2012,Siemens Gamesa Renewable Energy,370
1898,2012,Silver Eagle,2
1899,2012,Sinovel,4
1900,2012,Siva,1
1901,2012,Skystream,1
1902,2012,Suzlon,1316
1903,2012,Turbowinds,7
1904,2012,Unison,2
1905,2012,Vanguard,3
1906,2012,Vensys,9
1907,2012,Vergnet,1
1908,2012,Vestas,6735
1909,2012,Wincon,1
1910,2012,Wind Energy Solutions,1
1911,2012,Wind World,1
1912,2012,Windmatic,55
1913,2012,Zond,224
1914,2013,AAER,3
1915,2013,AOC,12
1916,2013,AWE,2
1917,2013,Acciona,603
1918,2013,Aeronautica,4
1919,2013,Alstom,24
1920,2013,Bergey Energy,1
1921,2013,Bonus,305
1922,2013,Bora,2
1923,2013,Changzhou Railcar Propulsion Engineering Research and Development Center,1
1924,2013,China Creative Wind Energy,17
1925,2013,Clipper,681
1926,2013,DWT,1
1927,2013,Danwin,115
1928,2013,DeWind,84
1929,2013,EWT,11
1930,2013,Elecon,2
1931,2013,Endurance,4
1932,2013,Enron,396
1933,2013,Entegrity,17
1934,2013,Fuhrlander,19
1935,2013,GE Wind,15827
1936,2013,Gamesa,2298
1937,2013,Goldwind,107
1938,2013,Guodian,6
1939,2013,HZ Windpower,2
1940,2013,Hyundai,4
1941,2013,Kenersys,2
1942,2013,Leitner Ag,1
1943,2013,Leitner Poma,1
1944,2013,Lolland,2
1945,2013,Micon,392
1946,2013,Mitsubishi,2791
1947,2013,NEG Micon,676
1948,2013,NedWind,13
1949,2013,Nordex,265
1950,2013,Nordic,5
1951,2013,Nordtank,232
1952,2013,Northern Power Systems,94
1953,2013,Norwin,1
1954,2013,PowerWind,7
1955,2013,REpower,621
1956,2013,RRB,7
1957,2013,Renewtech LLC,0
1958,2013,SIVA Windturbine India Pvt Ltd,1
1959,2013,Samsung,3
1960,2013,Sany,10
1961,2013,Seaforth,11
1962,2013,Siemens,3319
1963,2013,Siemens Gamesa Renewable Energy,370
1964,2013,Silver Eagle,2
1965,2013,Sinovel,4
1966,2013,Siva,1
1967,2013,Skystream,1
1968,2013,Suzlon,1316
1969,2013,Turbowinds,7
1970,2013,Unison,2
1971,2013,Vanguard,3
1972,2013,Vensys,9
1973,2013,Vergnet,4
1974,2013,Vestas,6738
1975,2013,Wincon,1
1976,2013,Wind Energy Solutions,1
1977,2013,Wind World,1
1978,2013,Windmatic,55
1979,2013,Zond,224
1980,2014,AAER,3
1981,2014,AOC,12
1982,2014,AWE,2
1983,2014,Acciona,603
1984,2014,Aeronautica,4
1985,2014,Alstom,24
1986,2014,Bergey Energy,1
1987,2014,Bonus,305
1988,2014,Bora,2
1989,2014,Changzhou Railcar Propulsion Engineering Research and Development Center,1
1990,2014,China Creative Wind Energy,17
1991,2014,Clipper,681
1992,2014,DWT,1
1993,2014,Danwin,115
1994,2014,DeWind,84
1995,2014,EWT,11
1996,2014,Elecon,2
1997,2014,Endurance,4
1998,2014,Enron,396
1999,2014,Entegrity,17
2000,2014,Fuhrlander,19
2001,2014,GE Wind,17489
2002,2014,Gamesa,2309
2003,2014,Goldwind,107
2004,2014,Guodian,6
2005,2014,HZ Windpower,2
2006,2014,Hyundai,4
2007,2014,Kenersys,2
2008,2014,Leitner Ag,1
2009,2014,Leitner Poma,1
2010,2014,Lolland,2
2011,2014,Micon,392
2012,2014,Mitsubishi,2791
2013,2014,NEG Micon,676
2014,2014,NedWind,13
2015,2014,Nordex,302
2016,2014,Nordic,5
2017,2014,Nordtank,232
2018,2014,Northern Power Systems,94
2019,2014,Norwin,1
2020,2014,PowerWind,8
2021,2014,REpower,621
2022,2014,RRB,8
2023,2014,Renewtech LLC,0
2024,2014,SIVA Windturbine India Pvt Ltd,1
2025,2014,Samsung,3
2026,2014,Sany,10
2027,2014,Seaforth,11
2028,2014,Siemens,3829
2029,2014,Siemens Gamesa Renewable Energy,370
2030,2014,Silver Eagle,2
2031,2014,Sinovel,4
2032,2014,Siva,1
2033,2014,Skystream,1
2034,2014,Suzlon,1316
2035,2014,Turbowinds,7
2036,2014,Unison,2
2037,2014,Vanguard,3
2038,2014,Vensys,9
2039,2014,Vergnet,4
2040,2014,Vestas,7014
2041,2014,Wincon,1
2042,2014,Wind Energy Solutions,1
2043,2014,Wind World,1
2044,2014,Windmatic,55
2045,2014,Zond,224
2046,2015,AAER,3
2047,2015,AOC,12
2048,2015,AWE,2
2049,2015,Acciona,758
2050,2015,Aeronautica,4
2051,2015,Alstom,24
2052,2015,Bergey Energy,1
2053,2015,Bonus,305
2054,2015,Bora,2
2055,2015,Changzhou Railcar Propulsion Engineering Research and Development Center,1
2056,2015,China Creative Wind Energy,17
2057,2015,Clipper,681
2058,2015,DWT,1
2059,2015,Danwin,115
2060,2015,DeWind,84
2061,2015,EWT,11
2062,2015,Elecon,2
2063,2015,Endurance,4
2064,2015,Enron,396
2065,2015,Entegrity,17
2066,2015,Fuhrlander,19
2067,2015,GE Wind,19416
2068,2015,Gamesa,2505
2069,2015,Goldwind,112
2070,2015,Guodian,6
2071,2015,HZ Windpower,2
2072,2015,Hyundai,4
2073,2015,Kenersys,2
2074,2015,Leitner Ag,1
2075,2015,Leitner Poma,1
2076,2015,Lolland,2
2077,2015,Micon,392
2078,2015,Mitsubishi,2791
2079,2015,NEG Micon,677
2080,2015,NedWind,13
2081,2015,Nordex,357
2082,2015,Nordic,5
2083,2015,Nordtank,232
2084,2015,Northern Power Systems,94
2085,2015,Norwin,1
2086,2015,PowerWind,8
2087,2015,REpower,621
2088,2015,RRB,8
2089,2015,Renewtech LLC,1
2090,2015,SIVA Windturbine India Pvt Ltd,1
2091,2015,Samsung,3
2092,2015,Sany,21
2093,2015,Seaforth,11
2094,2015,Siemens,4354
2095,2015,Siemens Gamesa Renewable Energy,371
2096,2015,Silver Eagle,2
2097,2015,Sinovel,4
2098,2015,Siva,1
2099,2015,Skystream,1
2100,2015,Suzlon,1316
2101,2015,Turbowinds,7
2102,2015,Unison,2
2103,2015,Vanguard,3
2104,2015,Vensys,9
2105,2015,Vergnet,8
2106,2015,Vestas,8414
2107,2015,Wincon,1
2108,2015,Wind Energy Solutions,1
2109,2015,Wind World,1
2110,2015,Windmatic,55
2111,2015,Zond,224
2112,2016,AAER,3
2113,2016,AOC,12
2114,2016,AWE,2
2115,2016,Acciona,758
2116,2016,Aeronautica,4
2117,2016,Alstom,24
2118,2016,Bergey Energy,1
2119,2016,Bonus,305
2120,2016,Bora,2
2121,2016,Changzhou Railcar Propulsion Engineering Research and Development Center,1
2122,2016,China Creative Wind Energy,17
2123,2016,Clipper,681
2124,2016,DWT,1
2125,2016,Danwin,115
2126,2016,DeWind,84
2127,2016,EWT,11
2128,2016,Elecon,2
2129,2016,Endurance,4
2130,2016,Enron,396
2131,2016,Entegrity,17
2132,2016,Fuhrlander,19
2133,2016,GE Wind,21100
2134,2016,Gamesa,2657
2135,2016,Goldwind,113
2136,2016,Guodian,6
2137,2016,HZ Windpower,2
2138,2016,Hyundai,4
2139,2016,Kenersys,2
2140,2016,Leitner Ag,1
2141,2016,Leitner Poma,1
2142,2016,Lolland,2
2143,2016,Micon,392
2144,2016,Mitsubishi,2791
2145,2016,NEG Micon,677
2146,2016,NedWind,13
2147,2016,Nordex,388
2148,2016,Nordic,5
2149,2016,Nordtank,232
2150,2016,Northern Power Systems,95
2151,2016,Norwin,1
2152,2016,PowerWind,8
2153,2016,REpower,621
2154,2016,RRB,8
2155,2016,Renewtech LLC,1
2156,2016,SIVA Windturbine India Pvt Ltd,1
2157,2016,Samsung,3
2158,2016,Sany,21
2159,2016,Seaforth,11
2160,2016,Siemens,4703
2161,2016,Siemens Gamesa Renewable Energy,371
2162,2016,Silver Eagle,2
2163,2016,Sinovel,4
2164,2016,Siva,1
2165,2016,Skystream,1
2166,2016,Suzlon,1316
2167,2016,Turbowinds,7
2168,2016,Unison,2
2169,2016,Vanguard,3
2170,2016,Vensys,19
2171,2016,Vergnet,9
2172,2016,Vestas,9947
2173,2016,Wincon,1
2174,2016,Wind Energy Solutions,1
2175,2016,Wind World,1
2176,2016,Windmatic,55
2177,2016,Zond,224
2178,2017,AAER,3
2179,2017,AOC,12
2180,2017,AWE,2
2181,2017,Acciona,758
2182,2017,Aeronautica,5
2183,2017,Alstom,24
2184,2017,Bergey Energy,1
2185,2017,Bonus,305
2186,2017,Bora,2
2187,2017,Changzhou Railcar Propulsion Engineering Research and Development Center,1
2188,2017,China Creative Wind Energy,17
2189,2017,Clipper,681
2190,2017,DWT,1
2191,2017,Danwin,115
2192,2017,DeWind,84
2193,2017,EWT,11
2194,2017,Elecon,2
2195,2017,Endurance,4
2196,2017,Enron,396
2197,2017,Entegrity,17
2198,2017,Fuhrlander,19
2199,2017,GE Wind,21987
2200,2017,Gamesa,3076
2201,2017,Goldwind,117
2202,2017,Guodian,6
2203,2017,HZ Windpower,16
2204,2017,Hyundai,4
2205,2017,Kenersys,2
2206,2017,Leitner Ag,1
2207,2017,Leitner Poma,1
2208,2017,Lolland,2
2209,2017,Micon,392
2210,2017,Mitsubishi,2791
2211,2017,NEG Micon,677
2212,2017,NedWind,13
2213,2017,Nordex,650
2214,2017,Nordic,5
2215,2017,Nordtank,232
2216,2017,Northern Power Systems,95
2217,2017,Norwin,1
2218,2017,PowerWind,8
2219,2017,REpower,621
2220,2017,RRB,8
2221,2017,Renewtech LLC,1
2222,2017,SIVA Windturbine India Pvt Ltd,1
2223,2017,Samsung,3
2224,2017,Sany,21
2225,2017,Seaforth,11
2226,2017,Siemens,5026
2227,2017,Siemens Gamesa Renewable Energy,371
2228,2017,Silver Eagle,2
2229,2017,Sinovel,4
2230,2017,Siva,1
2231,2017,Skystream,1
2232,2017,Suzlon,1316
2233,2017,Turbowinds,7
2234,2017,Unison,2
2235,2017,Vanguard,3
2236,2017,Vensys,22
2237,2017,Vergnet,9
2238,2017,Vestas,11053
2239,2017,Wincon,1
2240,2017,Wind Energy Solutions,1
2241,2017,Wind World,1
2242,2017,Windmatic,55
2243,2017,Zond,224
2244,2018,AAER,3
2245,2018,AOC,12
2246,2018,AWE,2
2247,2018,Acciona,758
2248,2018,Aeronautica,5
2249,2018,Alstom,24
2250,2018,Bergey Energy,1
2251,2018,Bonus,305
2252,2018,Bora,2
2253,2018,Changzhou Railcar Propulsion Engineering Research and Development Center,1
2254,2018,China Creative Wind Energy,17
2255,2018,Clipper,681
2256,2018,DWT,1
2257,2018,Danwin,115
2258,2018,DeWind,84
2259,2018,EWT,12
2260,2018,Elecon,2
2261,2018,Endurance,4
2262,2018,Enron,396
2263,2018,Entegrity,17
2264,2018,Fuhrlander,19
2265,2018,GE Wind,23187
2266,2018,Gamesa,3076
2267,2018,Goldwind,187
2268,2018,Guodian,6
2269,2018,HZ Windpower,16
2270,2018,Hyundai,4
2271,2018,Kenersys,2
2272,2018,Leitner Ag,1
2273,2018,Leitner Poma,1
2274,2018,Lolland,2
2275,2018,Micon,392
2276,2018,Mitsubishi,2791
2277,2018,NEG Micon,677
2278,2018,NedWind,13
2279,2018,Nordex,930
2280,2018,Nordic,5
2281,2018,Nordtank,232
2282,2018,Northern Power Systems,95
2283,2018,Norwin,1
2284,2018,PowerWind,8
2285,2018,REpower,621
2286,2018,RRB,8
2287,2018,Renewtech LLC,1
2288,2018,SIVA Windturbine India Pvt Ltd,1
2289,2018,Samsung,3
2290,2018,Sany,21
2291,2018,Seaforth,11
2292,2018,Siemens,5026
2293,2018,Siemens Gamesa Renewable Energy,624
2294,2018,Silver Eagle,2
2295,2018,Sinovel,4
2296,2018,Siva,1
2297,2018,Skystream,1
2298,2018,Suzlon,1316
2299,2018,Turbowinds,7
2300,2018,Unison,2
2301,2018,Vanguard,3
2302,2018,Vensys,29
2303,2018,Vergnet,9
2304,2018,Vestas,12281
2305,2018,Wincon,1
2306,2018,Wind Energy Solutions,1
2307,2018,Wind World,1
2308,2018,Windmatic,55
2309,2018,Zond,224
2310,2019,AAER,3
2311,2019,AOC,12
2312,2019,AWE,2
2313,2019,Acciona,758
2314,2019,Aeronautica,5
2315,2019,Alstom,24
2316,2019,Bergey Energy,1
2317,2019,Bonus,305
2318,2019,Bora,2
2319,2019,Changzhou Railcar Propulsion Engineering Research and Development Center,1
2320,2019,China Creative Wind Energy,17
2321,2019,Clipper,681
2322,2019,DWT,1
2323,2019,Danwin,115
2324,2019,DeWind,84
2325,2019,EWT,13
2326,2019,Elecon,2
2327,2019,Endurance,4
2328,2019,Enron,396
2329,2019,Entegrity,17
2330,2019,Fuhrlander,19
2331,2019,GE Wind,24858
2332,2019,Gamesa,3076
2333,2019,Goldwind,195
2334,2019,Guodian,6
2335,2019,HZ Windpower,16
2336,2019,Hyundai,4
2337,2019,Kenersys,2
2338,2019,Leitner Ag,1
2339,2019,Leitner Poma,1
2340,2019,Lolland,2
2341,2019,Micon,392
2342,2019,Mitsubishi,2791
2343,2019,NEG Micon,677
2344,2019,NedWind,13
2345,2019,Nordex,1098
2346,2019,Nordic,5
2347,2019,Nordtank,232
2348,2019,Northern Power Systems,95
2349,2019,Norwin,1
2350,2019,PowerWind,8
2351,2019,REpower,621
2352,2019,RRB,8
2353,2019,Renewtech LLC,1
2354,2019,SIVA Windturbine India Pvt Ltd,1
2355,2019,Samsung,3
2356,2019,Sany,21
2357,2019,Seaforth,11
2358,2019,Siemens,5144
2359,2019,Siemens Gamesa Renewable Energy,1021
2360,2019,Silver Eagle,2
2361,2019,Sinovel,4
2362,2019,Siva,1
2363,2019,Skystream,1
2364,2019,Suzlon,1316
2365,2019,Turbowinds,7
2366,2019,Unison,2
2367,2019,Vanguard,3
2368,2019,Vensys,29
2369,2019,Vergnet,9
2370,2019,Vestas,13486
2371,2019,Wincon,1
2372,2019,Wind Energy Solutions,1
2373,2019,Wind World,1
2374,2019,Windmatic,55
2375,2019,Zond,224
2376,2020,AAER,3
2377,2020,AOC,12
2378,2020,AWE,2
2379,2020,Acciona,758
2380,2020,Aeronautica,5
2381,2020,Alstom,24
2382,2020,Bergey Energy,1
2383,2020,Bonus,305
2384,2020,Bora,2
2385,2020,Changzhou Railcar Propulsion Engineering Research and Development Center,1
2386,2020,China Creative Wind Energy,17
2387,2020,Clipper,681
2388,2020,DWT,1
2389,2020,Danwin,115
2390,2020,DeWind,84
2391,2020,EWT,13
2392,2020,Elecon,2
2393,2020,Endurance,4
2394,2020,Enron,396
2395,2020,Entegrity,17
2396,2020,Fuhrlander,19
2397,2020,GE Wind,25858
2398,2020,Gamesa,3076
2399,2020,Goldwind,195
2400,2020,Guodian,6
2401,2020,HZ Windpower,16
2402,2020,Hyundai,4
2403,2020,Kenersys,2
2404,2020,Leitner Ag,1
2405,2020,Leitner Poma,1
2406,2020,Lolland,2
2407,2020,Micon,392
2408,2020,Mitsubishi,2791
2409,2020,NEG Micon,677
2410,2020,NedWind,13
2411,2020,Nordex,1145
2412,2020,Nordic,5
2413,2020,Nordtank,232
2414,2020,Northern Power Systems,95
2415,2020,Norwin,1
2416,2020,PowerWind,8
2417,2020,REpower,621
2418,2020,RRB,8
2419,2020,Renewtech LLC,1
2420,2020,SIVA Windturbine India Pvt Ltd,1
2421,2020,Samsung,3
2422,2020,Sany,21
2423,2020,Seaforth,11
2424,2020,Siemens,5144
2425,2020,Siemens Gamesa Renewable Energy,1146
2426,2020,Silver Eagle,2
2427,2020,Sinovel,4
2428,2020,Siva,1
2429,2020,Skystream,1
2430,2020,Suzlon,1316
2431,2020,Turbowinds,7
2432,2020,Unison,2
2433,2020,Vanguard,3
2434,2020,Vensys,29
2435,2020,Vergnet,9
2436,2020,Vestas,13904
2437,2020,Wincon,1
2438,2020,Wind Energy Solutions,1
2439,2020,Wind World,1
2440,2020,Windmatic,55
2441,2020,Zond,224
